# CODE;ENGLISH;FRENCH;GERMAN;;SPANISH;;;;;;;;x
k_bazin;Bazin;;Bazin;;Bazin;;;;;;;;x
k_bazin_adj;Bazini;;Bazini;;Bazini;;;;;;;;x
k_chupanid;Chupanid;;Chupanid;;;;;;;;;;x
k_chupanid_adj;Chupanid;;Chupanid;;;;;;;;;;x
k_jalayarid;Jalayarid;;Jalayarid;;;;;;;;;;x
k_jalayarid_adj;Jalayarid;;Jalayarid;;;;;;;;;;x
k_injuid;Injuid;;Injuid;;;;;;;;;;x
k_injuid_adj;Injuid;;Injuid;;;;;;;;;;x
k_vandalia;Vandalia;;Vandalia;;;;;;;;;;x
k_vandalia_adj;Vandal;;Vandalismus;;;;;;;;;;x
e_greater_israel;Greater Israel;;Groß-Israel;;;;;;;;;;x
e_greater_israel_adj;Israelite;;Israeliten;;;;;;;;;;x
k_plantagenet;England;;England;;;;;;;;;;x
k_england_norman;England;;England;;;;;;;;;;x
k_england_saxon;England;;England;;;;;;;;;;x
d_lancaster_saxon;Lancaster;;Lancaster;;;;;;;;;;x
d_lancaster_norman;Lancaster;;Lancaster;;;;;;;;;;x
d_york_saxon;York;;York;;;;;;;;;;x
d_york_norman;York;;York;;;;;;;;;;x
d_norfolk_saxon;Norfolk;;Norfolk;;;;;;;;;;x
d_norfolk_norman;Norfolk;;Norfolk;;;;;;;;;;x
d_bedford_saxon;Bedford;;Bedford;;;;;;;;;;x
d_bedford_norman;Bedford;;Bedford;;;;;;;;;;x
d_gloucester_saxon;Gloucester;;Gloucester;;;;;;;;;;x
d_gloucester_norman;Gloucester;;Gloucester;;;;;;;;;;x
d_hereford_saxon;Hereford;;Hereford;;;;;;;;;;x
d_hereford_norman;Hereford;;Hereford;;;;;;;;;;x
d_somerset_saxon;Somerset;;Somerset;;;;;;;;;;x
d_somerset_norman;Somerset;;Somerset;;;;;;;;;;x
d_canterbury_saxon;Canterbury;;Canterbury;;;;;;;;;;x
d_canterbury_norman;Canterbury;;Canterbury;;;;;;;;;;x
d_oxford_saxon;Oxford;;Oxford;;;;;;;;;;x
d_oxford_norman;Oxford;;Oxford;;;;;;;;;;x
d_cornwall_saxon;Cornwall;;Cornwall;;;;;;;;;;x
d_cornwall_norman;Cornwall;;Cornwall;;;;;;;;;;x
b_eresburg;Eresburg;;Eresburg;;;;;;;;;;x
b_eresburg_adj;Eresburg;;Eresburg;;;;;;;;;;x
e_hausa;Hausan Empire;;Hausan Empire;;;;;;;;;;;x
e_hausa_adj;Hausan;;Hausan;;;;;;;;;;;x
e_kanuri;Kanuri Empire;;Kanuri-Reich;;;;;;;;;;;x
e_kanuri_adj;Kanuri;;Kanuri;;;;;;;;;;;x

# Special baronies
b_new_persepolis;New Persepolis;Nouvelle Persépolis;Neupersepolis;;Nueva Persepolis;;;;;;;;x
b_st_bogomil;St. Bogomil;St. Bogomil;St. Bogomil;;St. Bogomil;;;;;;;;x
b_st_bogomil_adj;St. Bogomil's;St. Bogomil's;St. Bogomil's;;St. Bogomil's;;;;;;;;x

d_acre;Acre;Acre;Akkon;;Acre;;;;;;;;x
d_acre_adj;Acrean;Acreniane;Akkonischer;;Acrense;;;;;;;;x
d_albania;Albania;Albanie;Albanien;;Albania;;;;;;;;x
d_albania_adj;Albanian;Albanien;Albanisch;;Albaniano;;;;;;;;x
d_anubis;Anubis Guard;Garde d'Anubis;Anubis Guard;;Anubis Guard;;;;;;;;x
d_anubis_adj;Guardian;Garde;Guardian;;Guardian;;;;;;;;x
d_apostolic;The Apostolic Church;The Apostolic Church;The Apostolic Church;;The Apostolic Church;;;;;;;;x
d_apostolic_adj;Apostolic;Apostolic;Apostolic;;Apostolic;;;;;;;;x
d_aquileia;Aquileia;Aquilée;Aquileia;;Aquilea;;;;;;;;x
d_aquileia_adj;Aquileian;Aquiléen;Aquileia;;Aquileiesí;;;;;;;;x
d_arabic_band;Arabic Band;Bande Arabe;Arabischer Bund;;Arabic Band;;;;;;;;x
d_arabic_band_adj;Arabic Band;Bande Arabe;Arabischer Bund;;Arabic Band;;;;;;;;x
d_army_lucifer;Army of Lucifer;Army of Lucifer;Army of Lucifer;;Army of Lucifer;;;;;;;;x
d_army_lucifer_adj;Luciferian;Luciferian;Luciferian;;Luciferian;;;;;;;;x
d_baltic_transport_convoy;Baltic Transport Convoy;Convoi de Transport Balte;Baltische Transportkonvoi;;Baltic Transport Convoy;;;;;;;;x
d_baltic_transport_convoy_adj;Baltic Transport Convoy;Convoi de Transport Balte;Baltische Transportkonvoi;;Baltic Transport Convoy;;;;;;;;x
d_baltic_transport_fleet;Baltic Transport Fleet;Flotte de Transport Balte;Baltischer Transportflotte;;Baltic Transport Fleet;;;;;;;;x
d_baltic_transport_fleet_adj;Baltic Transport Fleet;Flotte de Transport Balte;Baltischer Transportflotte;;Baltic Transport Fleet;;;;;;;;x
d_band_of_the_broken_arrow;Band of the Broken Arrow;Bande de la Flèche Brisée;Band des zerbrochene Pfeiles;;Band of the Broken Arrow;;;;;;;;x
d_band_of_the_broken_arrow_adj;Band of the Broken Arrow;Bande de la Flèche Brisée;Band des zerbrochene Pfeiles;;Band of the Broken Arrow;;;;;;;;x
d_band_of_the_burning_sun;Band of the Burning Sun;Bande du Soleil Bruslant;Band der Brennende Sonne;;Band of the Burning Sun;;;;;;;;x
d_band_of_the_burning_sun_adj;Band of the Burning Sun;Bande du Soleil Bruslant;Band der Brennende Sonne;;Band of the Burning Sun;;;;;;;;x
d_bektashi_head;Bektashi;Confrérie des Bektachis;Bektaschi-Orden;;Orden Bektashi;;;;;;;;x
d_bektashi_head_adj;Bektashi;bektachi;Bektaschi;;Bektashi;;;;;;;;x
d_black_sea_band;Black Sea Band;Bande de la Mer Noire;Schwarzmeer Bund;;Black Sea Band;;;;;;;;x
d_black_sea_band_adj;Black Sea Band;Bande de la Mer Noire;Schwarzmeer Bund;;Black Sea Band;;;;;;;;x
d_black_sea_merchant_convoy;Black Sea Merchant Convoy;Convoi Marchand de la Mer Noire;Handelskonvoi des Schwarzen Meer;;Black Sea Merchant Convoy;;;;;;;;x
d_black_sea_merchant_convoy_adj;Black Sea Merchant Convoy;Convoi Marchand de la Mer Noire;Handelskonvoi des Schwarzen Meer;;Black Sea Merchant Convoy;;;;;;;;x
d_bogomilist;Bogomilist Church;Bogomilist Church;Bogomilist Church;;Bogomilist Church;;;;;;;;x
d_bogomilist_adj;Bogomilist;Bogomilist;Bogomilist;;Bogomilist;;;;;;;;x
d_bologna;Bologna;Bologne;Bologna;;Bolonia;;;;;;;;x
d_bologna_adj;Bolognan;Bolognois;Bologneser;;Boloñeses;;;;;;;;x
d_braedralag;Braedralag;Braedralag;Braedralag;;Braedralag;;;;;;;;x
d_braedralag_adj;Braedralag;Braedralag;Braedralag;;Braedralag;;;;;;;;x
d_brotherhood_of_the_shield;Brotherhood of the Shield;Fraternité du Bouclier;Bruderschaft des Schildes;;Brotherhood of the Shield;;;;;;;;x
d_brotherhood_of_the_shield_adj;Brotherhood of the Shield;Fraternité du Bouclier;Bruderschaft des Schildes;;Brotherhood of the Shield;;;;;;;;x
d_canarias_raiders;Canarias Raiders;Pilleurs des Canaries;Kanarenräuber;;Canarias Raiders;;;;;;;;x
d_canarias_raiders_adj;Canarias Raiders;Pilleurs des Canaries;Kanarenräuber;;Canarias Raiders;;;;;;;;x
d_cathar;The Cathar Patriarchy;The Cathar Patriarchy;The Cathar Patriarchy;;The Cathar Patriarchy;;;;;;;;x
d_cathar_adj;Patriarchal;Patriarchal;Patriarchal;;Patriarchal;;;;;;;;x
d_celtic_pagan_reformed;The Circle of Druids;Le Cercle des Druides;The Circle of Druids;;The Circle of Druids;;;;;;;;x
d_celtic_pagan_reformed_adj;Druidic;Druidique;Druidisch;;Druidic;;;;;;;;x
d_devotees_of_the_true_prophet;Devotees of the True Prophet;Dévosts du Vrai Prophète;Anhänger des Wahren Propheten;;Devotees of the True Prophet;;;;;;;;x
d_devotees_of_the_true_prophet_adj;Devotee;Devost;Devotee;;Devotee;;;;;;;;x
d_disciples_of_the_old_gods;Disciples of the Old Gods;Disciples des Anciens DieuxApostel der Alten Götter;;Disciples of the Old Gods;;;;;;;;x
d_disciples_of_the_old_gods_adj;Disciple;Disciple;Disciple;;Disciple;;;;;;;;x
d_druze;The Druze Shaykhdom;Le Shaykhdom Druze;Das drusische Shaykhdom;;The Druze Shaykhdom;;;;;;;;x
d_druze_adj;Druze;Druze;Drusisch;;Druze;;;;;;;;x
d_dublin;Dyflin;Dyflin;Dyflin;;Dyflin;;;;;;;;x
d_dublin_adj;Dyflin;Dyflin;Dyflin;;Dyflin;;;;;;;;x
d_dutch_legion;Dutch Legion;Légion Hollandois;Holländer Legion;;Dutch Legion;;;;;;;;x
d_dutch_legion_adj;Dutch Legion;Légion Hollandois;Holländisch;;Dutch Legion;;;;;;;;x
d_eastern_merchant_convoy;Eastern Merchant Convoy;Convoi Marchand Oriental;Osthandelskonvoi;;Eastern Merchant Convoy;;;;;;;;x
d_eastern_merchant_convoy_adj;Eastern Merchant Convoy;Convoi Marchand Oriental;Osthandelskonvoi;;Eastern Merchant Convoy;;;;;;;;x
d_egyptian_band;Egyptian Band;Bande Égyptienne;Ägyptischer Bund;;Egyptian Band;;;;;;;;x
d_egyptian_band_adj;Egyptian Band;Bande Égyptienne;Ägyptisch;;Egyptian Band;;;;;;;;x
d_egyptian_pagan_reformed;The Paragon Cult of Amun;Le Culte Parandon d'Amon;Der Paragon-Kult des Amun;;The Paragon Cult of Amun;;;;;;;;x
d_egyptian_pagan_reformed_adj;Cultist;Sectateur;Kultisten;;Cultist;;;;;;;;x
d_ethiopian_band;Ethiopian Band;Bande Ethiopienne;Äthiopische Bund;;Ethiopian Band;;;;;;;;x
d_ethiopian_band_adj;Ethiopian;Ethiopien;Äthiopisch;;Ethiopian;;;;;;;;x
d_ethiopian_company;Ethiopian Company;Compagnie Ethiopienne;Äthiopische Kompanie;;Ethiopian Company;;;;;;;;x
d_ethiopian_company_adj;Ethiopian;Ethiopien;Äthiopisch;;Ethiopian;;;;;;;;x
d_foix;Foix;Foix;Foix;;Foixx;;;;;;;;x
d_foix_adj;Fuxian;Fuxéen;Fuxian;;Foixian;;;;;;;;x
d_foresters;Foresters;Forestiers;Förster;;Foresters;;;;;;;;x
d_foresters_adj;Foresters;Forestiers;Förster;;Foresters;;;;;;;;x
d_genovese_crossbow_contingent;Genoese Crossbow Contingent;Contingent d'Arbalétriers Génois;Genueser Armbrust-Kontingent;;Genovese Crossbow Contingent;;;;;;;;x
d_genovese_crossbow_contingent_adj;Genoese Crossbow Contingent;Contingent d'Arbalétriers Génois;Genueser Armbrustschützen-Kontingent;;Genovese Crossbow Contingent;;;;;;;;x
d_genovese_transport_convoy;Genoese Transport Convoy;Convoi de Transport Génois;Genueser Transportkonvoi;;Genovese Transport Convoy;;;;;;;;x
d_genovese_transport_convoy_adj;Genoese Transport Convoy;Convoi de Transport Génois;Genueser Transport-Konvoi;;Genovese Transport Convoy;;;;;;;;x
d_genovese_transport_fleet;Genoese Transport Fleet;Flotte de Transport Génoise;Genueser Transportflotte;;Genovese Transport Fleet;;;;;;;;x
d_genovese_transport_fleet_adj;Genoese Transport Fleet;Flotte de Transport Génoise;Genueser Transportflotte;;Genovese Transport Fleet;;;;;;;;x
d_german_band;German Band;Bande Allemande;Deutsche Band;;German Band;;;;;;;;x
d_german_band_adj;German Band;Bande Allemande;Deutsche Kapelle;;German Band;;;;;;;;x
d_german_pagan_reformed;Urglaawe Priesthood;Urglaawe Priesthood;Urglaawer Priesterschaft;;Urglaawe Priesthood;;;;;;;;x
d_german_pagan_reformed_adj;Urglaawer;Urglaawer;Urglaawer;;Urglaawer;;;;;;;;x
d_ghanaian_band;Ghanan Raiders;;Ghananische Räuber;;;;;;;;;;x
d_ghanaian_band_adj;Ghanan;;Ghanaer;;;;;;;;;;x
d_ghanaian_company;Ghanaian Company;Compagnie Ghanéenne;Ghanaische Gesellschaft;;Ghanaian Company;;;;;;;;x
d_ghanaian_company_adj;Ghanaian Company;Compagnie Ghanéenne;Ghanaisches Unternehmen;;Ghanaian Company;;;;;;;;x
d_ghazi_shiite;Ghazi;Ghazi;Ghazi;;Ghazi;;;;;;;;x
d_ghazi_shiite_adj;Ghazi;Ghazéen;Ghazi;;Ghazi;;;;;;;;x
d_ghazi_sunni;Ghazi;Ghazi;Ghazi;;Ghazi;;;;;;;;x
d_ghazi_sunni_adj;Ghazi;Ghazéen;Ghazi;;Ghazi;;;;;;;;x
d_gothia;Gothia;Gothie;Gothia;;Gothia;;;;;;;;x
d_gothia_adj;Gothic;Gothique;Gotisch;;Gótico;;;;;;;;x
d_great_host;Great Host;Grand Ost;Großer Wirt;;Gran Ejército;;;;;;;;x
d_great_host_adj;Great Host;Grand Ost;Großer Wirt;;Gran Ejército;;;;;;;;x
d_greenshield_sellswords;Greenshield Sellswords;Epées Louées du Vert-Bouclier;Grüner Schild - Schwerter;;Greenshield Sellswords;;;;;;;;x
d_greenshield_sellswords_adj;Greenshield Sellswords;Epées Louées du Vert-Bouclier;Greenshield Sellswords;;Greenshield Sellswords;;;;;;;;x
d_guardians_of_the_sacred_flame;Guardians of the Sacred Flame;Gardiens de la Flamme Sacrée;Wächter der heiligen Flamme;;Guardians of the Sacred Flame;;;;;;;;x
d_guardians_of_the_sacred_flame_adj;Guardians of the Sacred Flame;Gardiens de la Flamme Sacrée;Hüter der heiligen Flamme;;Guardians of the Sacred Flame;;;;;;;;x
d_guilded_daggers;Gilded Daggers;Guilde des Poignards;Vergoldete Dolche;;Gilded Daggers;;;;;;;;x
d_guilded_daggers_adj;Gilded Daggers;Guilde des Poignards;Vergoldete Dolche;;Gilded Daggers;;;;;;;;x
d_gwydion;Sons of Gwydion;Fils de Gwydion;Söhne von Gwydion;;Sons of Gwydion;;;;;;;;x
d_gwydion_adj;Gwydionite;Gwydionite;Gwydioniten;;Gwydionite;;;;;;;;x
d_hamburg;Hamburg;Hambourg;Hamburg;;Hamburgo;;;;;;;;x
d_hamburg_adj;Hamburger;Hambourgeois;Hamburger;;Hamburgués;;;;;;;;x
d_harii;Harii;Harii;Harii;;Harii;;;;;;;;x
d_harii_adj;Harii;Harii;Harii;;Harii;;;;;;;;x
d_roman_pagan;The Pontificate Maxima;Le Pontificat Maxima;Das Pontifikat Maxima;;The Pontificate Maxima;;;;;;;;x
d_roman_pagan_adj;Hellenic;Hellénique;Hellenisch;;Hellenic;;;;;;;;x
d_herculean;Herculean;Herculéens;Herkules;;Herculeos;;;;;;;;x
d_herculean_adj;Herculean;Herculéenne;Herkules;;Herculeo;;;;;;;;x
d_honorable_exiles;Honorable Exiles;Honorables Exilés;Ehrenwerte Exilanten;;Honorable Exiles;;;;;;;;x
d_honorable_exiles_adj;Honorable Exiles;Honorables Exilés;Ehrenwerte Exilanten;;Honorable Exiles;;;;;;;;x
d_horus;Horusian Guard;Garde d'Horus;Horusianische Garde;;Horusian Guard;;;;;;;;x
d_horus_adj;Guardian;Garde;Wächter;;Guardian;;;;;;;;x
d_humble_hedge_knights;Humble Hedge Knights;Humbles Chevaliers-errants;Bescheidene Hedge Knights;;Humble Hedge Knights;;;;;;;;x
d_humble_hedge_knights_adj;Humble Hedge Knights;Humbles Chevaliers-errants;Bescheidene Hedge Knights;;Humble Hedge Knights;;;;;;;;x
d_iberian_horsemen;Iberian Horsemen;Cavaliers Ibères;Iberische Reiter;;Iberian Horsemen;;;;;;;;x
d_iberian_horsemen_adj;Iberian Horsemen;Cavaliers Ibères;Iberische Reiter;;Iberian Horsemen;;;;;;;;x
d_iberian_legion;Iberian Legion;Légion Ibère;Iberische Legion;;Iberian Legion;;;;;;;;x
d_iberian_legion_adj;Iberian Legion;Légion Ibère;Iberische Legion;;Iberian Legion;;;;;;;;x
d_jolof_band;Jolof Band;Bande Djolof;Jolof Band;;Jolof Band;;;;;;;;x
d_jolof_band_adj;Jolof Band;Bande Djolof;Jolof Band;;Jolof Band;;;;;;;;x
d_jolof_company;Jolof Company;Compagnie Djolof;Jolof Unternehmen;;Jolof Company;;;;;;;;x
d_jolof_company_adj;Jolof Company;Compagnie Djolof;Jolof Unternehmen;;Jolof Company;;;;;;;;x
d_karelians;Karelians;Caréliens;Karelien;;Karelians;;;;;;;;x
d_karelians_adj;Karelian;Carélien;Karelien;;Karelian;;;;;;;;x
d_kasogs;Kasogs;Kasogs;Kasogs;;Kasogs;;;;;;;;x
d_kasogs_adj;Kasog;Kasog;Kasog;;Kasog;;;;;;;;x
d_keepers_tirnanog;Keepers of Tír na nÓg;Gardiens du Tír na nÓg;Wächter von Tír na nÓg;;Guardianes de Tír na nÓg;;;;;;;;;x
d_keepers_tirnanog_adj;Keeper;céleste;Wächter;;Guardián;;;;;;;;;x
d_kleve;Cleves;Cleves;Kleve;;Cleves;;;;;;;;x
d_kleve_adj;Cleves;Clevesain;Kleve;;Cleves;;;;;;;;x
d_knights_saint_mark;Knights of Saint Mark;Knights of Saint Mark;Ritter von Sankt Markus;;Knights of Saint Mark;;;;;;;;x
d_knights_saint_mark_adj;Saint Mark;Saint Mark;Heilige Mark;;Saint Mark;;;;;;;;x
k_latin_alexandria;Alexandria;Alexandria;Alexandria;;Alexandria;;;;;;;;x
k_latin_alexandria_adj;Latin Patriarchal;Latin Patriarchal;Lateinisches Patriarchat;;Latin Patriarchal;;;;;;;;x
k_latin_antioch;Antioch;Antioch;Antiochia;;Antioch;;;;;;;;x
k_latin_antioch_adj;Latin Patriarchal;Latin Patriarchal;Lateinisches Patriarchat;;Latin Patriarchal;;;;;;;;x
k_latin_constantinople;Constantinople;Constantinople;Konstantinopel;;Constantinople;;;;;;;;x
k_latin_constantinople_adj;Latin Patriarchal;Latin Patriarchal;Lateinisches Patriarchat;;Latin Patriarchal;;;;;;;;x
k_latin_jerusalem;Jerusalem;Jerusalem;Jerusalem;;Jerusalem;;;;;;;;x
k_latin_jerusalem_adj;Latin Patriarchal;Latin Patriarchal;Lateinisches Patriarchat;;Latin Patriarchal;;;;;;;;x
d_latin_alexandria;Alexandria;Alexandria;Alexandrien;;Alexandria;;;;;;;;x
d_latin_alexandria_adj;Latin Patriarchal;Latin Patriarchal;Lateinisches Patriarchat;;Latin Patriarchal;;;;;;;;x
d_latin_antioch;Antioch;Antioch;Antiochia;;Antioch;;;;;;;;x
d_latin_antioch_adj;Latin Patriarchal;Latin Patriarchal;Lateinisches Patriarchat;;Latin Patriarchal;;;;;;;;x
d_latin_constantinople;Constantinople;Constantinople;Konstantinopel;;Constantinople;;;;;;;;x
d_latin_constantinople_adj;Latin Patriarchal;Latin Patriarchal;Lateinisches Patriarchat;;Latin Patriarchal;;;;;;;;x
d_latin_jerusalem;Jerusalem;Jerusalem;Jerusalem;;Jerusalem;;;;;;;;x
d_latin_jerusalem_adj;Latin Patriarchal;Latin Patriarchal;Lateinisches Patriarchat;;Latin Patriarchal;;;;;;;;x
d_legendary_longbowmen;Legendary Longbowmen;Archers Légendaires;Legendäre Langbogenschützen;;Legendary Longbowmen;;;;;;;;x
d_legendary_longbowmen_adj;Legendary Longbowmen;Archers Légendaires;Legendäre Langbogenschützen;;Legendary Longbowmen;;;;;;;;x
d_legion_of_the_black_sea;Legion of the Black Sea;Légion de la Mer Noire;Legion des Schwarzen Meeres;;Legion of the Black Sea;;;;;;;;x
d_legion_of_the_black_sea_adj;Legion of the Black Sea;Légion de la Mer Noire;Legion des Schwarzen Meeres;;Legion of the Black Sea;;;;;;;;x
d_legion_of_the_burning_sun;Legion of the Burning Sun;Légion du Soleil Bruslant;Legion der brennenden Sonne;;Legion of the Nile;;;;;;;;x
d_legion_of_the_burning_sun_adj;Legion of the Burning Sun;Légion du Soleil Bruslant;Legion der brennenden Sonne;;Legion of the Nile;;;;;;;;x
d_legion_of_the_nile;Legion of the Nile;Légion du Nil;Legion des Nils;;Legion of the Nile;;;;;;;;x
d_legion_of_the_nile_adj;Legion of the Nile;Légion du Nil;Legion des Nils;;Legion of the Nile;;;;;;;;x
d_lost_company;Lost Company;Compagnie Perdue;Verlorene Kompanie;;Lost Company;;;;;;;;x
d_lost_company_adj;Lost Company;Compagnie Perdue;Verlorene Kompanie;;Lost Company;;;;;;;;x
d_mali_legion;Mali Legion;Légion Malienne;Mali-Legion;;Mali Legion;;;;;;;;x
d_mali_legion_adj;Mali Legion;Légion Malienne;Mali-Legion;;Mali Legion;;;;;;;;x
d_mali_warriors;Mali Warriors;Guerriers Maliens;Mali-Krieger;;Mali Warriors;;;;;;;;x
d_mali_warriors_adj;Mali Warriors;Guerriers Maliens;Mali-Krieger;;Mali Warriors;;;;;;;;x
d_marino;San Marino;Saint-Marin;San Marino;;San Marino;;;;;;;;x
d_marino_adj;San Marinan;Sammaranien;San Marinan;;San Marino;;;;;;;;x
d_mazdaki;Mazdaki Priesthood;Mazdaki Priesthood;Mazdaki-Priesterschaft;;Mazdaki Priesthood;;;;;;;;x
d_mazdaki_adj;Mazdaki;Mazdaki;Mazdaki;;Mazdaki;;;;;;;;x
d_messalian;The Euchite Patriarchy;The Euchite Patriarchy;Das euchitische Patriarchat;;The Euchite Patriarchy;;;;;;;;x
d_messalian_adj;Euchite;Euchite;Euchiten;;Euchite;;;;;;;;x
d_noli;Noli;Noli;Noli;;Noli;;;;;;;;x
d_noli_adj;Nolian;Nolésiane;Nolisch;;Nolésiane;;;;;;;;x
d_nomadic_raiders;Nomadic Raiders;Pilleurs Nomades;Nomadische Räuber;;Nomadic Raiders;;;;;;;;x
d_nomadic_raiders_adj;Nomadic Raiders;Pilleurs Nomades;Nomadische Raubritter;;Nomadic Raiders;;;;;;;;x
d_nubian_company;Nubian Company;Compagnie Nubienne;Nubische Gesellschaft;;Nubian Company;;;;;;;;x
d_nubian_company_adj;Nubian;Nubien;Nubische;;Nubian;;;;;;;;x
d_oldenburg;Oldenburg;Oldenbourg;Oldenburg;;Oldenburgo;;;;;;;;x
d_oldenburg_adj;Oldenburgian;Oldenbourgeois;Oldenburger;;Oldenburgués;;;;;;;;x
k_pentarch_rome;Rome;Rome;Rom;;Rome;;;;;;;;x
k_pentarch_rome_adj;Papal;Papal;Päpstliches;;Papal;;;;;;;;x
k_pentarch_constantinople;Constantinople;Constantinople;Konstantinopel;;Constantinople;;;;;;;;x
k_pentarch_constantinople_adj;Patriarchal;Patriarchal;Patriarchalisch;;Patriarchal;;;;;;;;x
k_pentarch_alexandria;Alexandria;Alexandria;Alexandria;;Alexandria;;;;;;;;x
k_pentarch_alexandria_adj;Papal;Papal;Päpstlich;;Papal;;;;;;;;x
k_pentarch_antioch;Antioch;Antioch;Antiochia;;Antioch;;;;;;;;x
k_pentarch_antioch_adj;Patriarchal;Patriarchal;Patriarchalisch;;Patriarchal;;;;;;;;x
k_pentarch_jerusalem;Jerusalem;Jerusalem;Jerusalem;;Jerusalem;;;;;;;;x
k_pentarch_jerusalem_adj;Patriarchal;Patriarchal;Patriarchat;;Patriarchal;;;;;;;;x
d_pfalz;Palatinate;Palatinat;Pfalz;;Palatinado;;;;;;;;x
d_pfalz_adj;Palatine;Palatin;Pfalz;;Palatinate;;;;;;;;x
d_promethean_pagan;First Academy;First Academy;Erste Akademie;;First Academy;;;;;;;;x
d_promethean_pagan_adj;Academician;Academician;Akademiker;;Academician;;;;;;;;x
d_pyrenees;Upper Pyrenees;Hautes-Pyrénées;Obere Pyrenäen;;Altos Pirineos;;;;;;;;x
d_pyrenees_adj;Pyrenean;Pyrénéen;Pyrenäen;;Pirenaico;;;;;;;;x
d_quranist;The Quranist Caliphate;The Quranist Caliphate;Das koranistische Kalifat;;The Quranist Caliphate;;;;;;;;x
d_quranist_adj;Quranist;Quranist;Koranisten;;Quranist;;;;;;;;x
d_ravenna;Ravenna;Ravenne;Ravenna;;Rávena;;;;;;;;x
d_ravenna_adj;Ravennian;Ravennate;Ravennische;;Ravenés;;;;;;;;x
d_red_dragons;Red Dragon Knights;Red Dragon Knights;Rote Drachenritter;;Red Dragon Knights;;;;;;;;x
d_red_dragons_adj;Draconic;Draconic;Drakonisch;;Draconic;;;;;;;;x
d_roaming_regiment;Roaming Regiment;Régiment Errant;Umherziehendes Regiment;;Roaming Regiment;;;;;;;;x
d_roaming_regiment_adj;Roaming Regiment;Régiment Errant;Wanderndes Regiment;;Roaming Regiment;;;;;;;;x
d_ruriks_raiders;Rurik's Raiders;Pilleurs de Rurik;Ruriks Raubzüge;;Rurik's Raiders;;;;;;;;x
d_ruriks_raiders_adj;Rurik's Raiders;Pilleurs de Rurik;Ruriks Jäger;;Rurik's Raiders;;;;;;;;x
d_rus_legion;Rus;Rus';Rus;;Rus Legion;;;;;;;;x
d_rus_legion_adj;Rus Legion;Rus' Légion;Rus-Legion;;Rus Legion;;;;;;;;x
d_sacred_band;Sacred Band;Bande Sacrée;Heiliges Band;;Batallon Sagrada;;;;;;;;x
d_sacred_band_adj;Sacred Band;Bande Sacrée;Heilige Band;;Batallon Sagrada;;;;;;;;x
d_saint_blaise;Order of St. Blaise;Order of St. Blaise;Orden des heiligen Blasius;;Order of St. Blaise;;;;;;;;x
d_saint_blaise_adj;St. Blaise;St. Blaise;Hl. Blasius;;St. Blaise;;;;;;;;x
d_samaritan;The Samaritan High Priesthood;La Grande Prestrise Samaritaine;Das samaritanische Hohepriestertum;;The Samaritan High Priesthood;;;;;;;;x
d_samaritan_adj;Samaritan;Samaritain;Samaritanisch;;Samaritan;;;;;;;;xd_slesvigholstein;Schleswig-Holstein;Slesvig-Holsace;Schleswig-Holstein;;Schleswig-Holstein;;;;;;;;x
d_slesvigholstein;Schleswig-Holstein;Slesvig-Holsace;Schleswig-Holstein;;Schleswig-Holstein;;;;;;;;x;;
d_slesvigholstein_adj;Sleswicker-Holsatian;Slesvig-Holsace;Schlesisch-Holsteinisch;;Schleswig-Holstein;;;;;;;;x;;
d_soldiers_of_the_crescent_moon;Soldiers of the Crescent Moon;Soldats du Croissant de Lune;Soldaten der Mondsichel;;Soldiers of the Crescent Moon;;;;;;;;x
d_soldiers_of_the_crescent_moon_adj;Soldiers of the Crescent Moon;Soldats du Croissant de Lune;Soldaten der Mondsichel;;Soldiers of the Crescent Moon;;;;;;;;x
d_songhai_company;Songhai Company;Compagnie Songhai;Songhai-Kompanie;;Songhai Company;;;;;;;;x
d_songhai_company_adj;Songhai Company;Compagnie Songhai;Songhai-Kompanie;;Songhai Company;;;;;;;;x
d_songhai_spearmen;Songhai Spearmen;Piquiers Songhais;Songhai-Speerkämpfer;;Songhai Spearmen;;;;;;;;x
d_songhai_spearmen_adj;Songhai Spearmen;Piquiers Songhais;Songhai-Speerkämpfer;;Songhai Spearmen;;;;;;;;x
d_sons_of_ireland;Sons of Ireland;Fils d'Irlande;Söhne von Irland;;Sons of Ireland;;;;;;;;x
d_sons_of_ireland_adj;Sons of Ireland;Fils d'Irlande;Söhne Irlands;;Sons of Ireland;;;;;;;;x
d_sons_of_judea;Guardians of the Temple;Gardiens du Temple;Wächter des Tempels;;Guardians of the Temple;;;;;;;;x
d_sons_of_judea_adj;Temple Guardian;Gardien du Temple;Tempelwächter;;Temple Guardian;;;;;;;;x
d_syracuse;Syracuse;Syracuse;Syrakus;;Siracusa;;;;;;;;x
d_syracuse_adj;Syracusian;Syracusienne;Syrakusisch;;Siracusano;;;;;;;;x
d_thousand_spears;Thousand Spears;Mille Piques;Tausend Speere;;Thousand Spears;;;;;;;;x
d_thousand_spears_adj;Thousand Spears;Mille Piques;Tausend Speere;;Thousand Spears;;;;;;;;x
d_tobruk;Tobruk;Tobrouk;Tobruk;;Tobruk;;;;;;;;x
d_tobruk_adj;Tobrukian;Tobroukienne;Tobrukisch;;Tobruquiano;;;;;;;;x
d_turkoman_legion;Turkoman Legion;Légion Turkmène;Turkmenische Legion;;Turkoman Legion;;;;;;;;x
d_turkoman_legion_adj;Turkoman Legion;Légion Turkmène;Turkmenische Legion;;Turkoman Legion;;;;;;;;x
d_tyrone;Tyrone;Tyrone;Tyrone;;Tyrone;;;;;;;;x
d_tyrone_adj;Tyronian;Tyronois;Tyrone;;Tyronian;;;;;;;;x
d_venetian_transport_convoy;Venetian Transport Convoy;Convoi de Transport Vénitien;Venezianischer Transportkonvoi;;Venetian Transport Convoy;;;;;;;;x
d_venetian_transport_convoy_adj;Venetian Transport Convoy;Convoi de Transport Vénitien;Venezianischer Transportkonvoi;;Venetian Transport Convoy;;;;;;;;x
d_venetian_transport_fleet;Venetian Transport Fleet;Flotte de Transport Vénitienne;Venezianische Transportflotte;;Venetian Transport Fleet;;;;;;;;x
d_venetian_transport_fleet_adj;Venetian Transport Fleet;Flotte de Transport Vénitienne;Venezianische Transportflotte;;Venetian Transport Fleet;;;;;;;;x
d_ventura_company;Ventura Company;La Compagnie de la Bonne Fortune;Unternehmen Ventura;;Ventura Company;;;;;;;;x
d_ventura_company_adj;Ventura Company;La Compagnie de la Bonne Fortune;Unternehmen Ventura;;Ventura Company;;;;;;;;x
d_wolftails;Wolftails;Wolftails;Wolfsschwänze;;Wolftails;;;;;;;;x
d_wolftails_adj;Wolftails;Wolftails;Wolfsschwänze;;Wolftails;;;;;;;;x
d_zikri;The Mu'tazilite Caliphate;Le Caliphat Mu'tazilite;Das mu'tazilitische Kalifat;;The Mu'tazilite Caliphate;;;;;;;;x
d_zikri_adj;Mu'tazilite;Mu'tazilite;Mu'taziliten;;Mu'tazilite;;;;;;;;x
e_alan;Alan Empire;Empire Alain;Alan-Reich;;Imperio Alano;;;;;;;;x
e_alan_adj;Alan;Alain;Alan;;Alano;;;;;;;;x
e_andalusia;Al-Andalus;Al-Andalus;Al-Andalus;;Al-Andalus;;;;;;;;x
e_andalusia_adj;Andalusian;Andalousien;Andalusisch;;Andalusian;;;;;;;;x
e_armenia;Armenian Empire;Empire Arménien;Armenisches Reich;;Imperio Armenio;;;;;;;;x
e_armenia_adj;Armenian;Arménien;Armenisch;;Armenio;;;;;;;;x
e_austria;Austrian Empire;Empire Autrichien;Österreichisches Kaiserreich;;Imperio Austríaco;;;;;;;;x
e_austria_adj;Austrian Empire;Autrichien;Österreichisches Kaiserreich;;Austríaco;;;;;;;;x
e_assyria;Assyrian Empire;Assyrian Empire;Assyrisches Reich;;Assyrian;;;;;;;;x
e_assyria_adj;Assyrian;Assyrian;Assyrisch;;Assyrian;;;;;;;;x
e_avaria;Greater Avaria;Grande Avarien;Groß-Avarien;;Gran Avares;;;;;;;;x
e_avaria_adj;Avarian;Avarien;Awaren;;Avario;;;;;;;;x
e_berber;Berber Empire;Empire Berbères ;Berberreich;;Imperio Berberes;;;;;;;;x
e_berber_adj;Berber;Berbères;Berber;;Bereberes;;;;;;;;x
e_bohemia;Bohemian Empire;Empire Bohémien;Böhmisches Reich;;Bohemian Empire;;;;;;;;x
e_bohemia_adj;Bohemian;Bohémien;Böhmisch;;Bohemio;;;;;;;;x
e_breton;Breton Empire;Empire Breton;Bretonisches Reich;;Breton Empire;;;;;;;;x
e_breton_adj;Breton;Breton;Bretonisch;;Breton;;;;;;;;x
e_bulgar;Bolghar Empire;Empire Bulgare;Bolgharisches Reich;;Bolghar Empire;;;;;;;;x
e_bulgar_adj;Bolghar;Bulgare;Bolghar;;Bolghar;;;;;;;;x
e_carthage;Carthaginian Empire;Empire Carthaginois;Karthagisches Reich;;Imperio Cartaginéso;;;;;;;;x
e_carthage_adj;Carthaginian;Carthaginois;Karthagisches;;Cartaginés;;;;;;;;x
e_celtic;Celtic Empire;Empire Celte;Keltisches Reich;;Imperio Céltico;;;;;;;;x
e_celtic_adj;Celtic;Celte;Keltisches;;Céltico;;;;;;;;x
e_common;Polish-Lithuanian Commonwealth;Commonwealth Polono-Lituanien;Polnisch-Litauisches Commonwealth;;Polish-Lithuanian Commonwealth;;;;;;;;x
e_common_adj;Polish-Lithuanian;Polono-Lituanien;Polnisch-Litauisch;;Polish-Lithuanian;;;;;;;;x
e_cornwall;Cornish Empire;Empire Cornouaillois;Kornisches Reich;;Cornish Empire;;;;;;;;x
e_cornwall_adj;Cornish;Cornouaillois;Kornische;;Cornish;;;;;;;;x
e_corsica;Corsican Empire;Corse;Korsisches Reich;;Córcega;;;;;;;;x
e_corsica_adj;Corsican;Corse;Korsisches;;Corso;;;;;;;;x
e_crimea;Crimean Empire;Empire Crimée;Krim-Reich;;Imperio Crimeano;;;;;;;;x
e_crimea_adj;Crimean;Crimée;Krim;;Crimeano;;;;;;;;x
e_croatia;Croatian Empire;Empire Croate;Kroatisches Reich;;Croatian Empire;;;;;;;;x
e_croatia_adj;Croatian;Croate;Kroatisch;;Croatian;;;;;;;;x
e_cuman;Cuman Khaganate;Khaganat Cuman;Kumanisches Khaganat;;Cuman Khaganate;;;;;;;;x
e_cuman_adj;Cuman;Cuman;Kumanisch;;Cuman;;;;;;;;x
e_dalmatian;Dalmatian Empire;Empire Dalmatien;Dalmatinisches Reich;;Imperio Dálmata;;;;;;;;x
e_dalmatian_adj;Dalmatian;Dalmatien;Dalmatien;;Dálmata;;;;;;;;x
e_danubia;Danubia;Danube;Danubien;;Danubia;;;;;;;;x
e_danubia_adj;Danubian;Danubien;Danubien;;Danubian;;;;;;;;x
e_denmark;Danish Empire;Empire Danois;Dänisches Reich;;Danish Empire;;;;;;;;x
e_denmark_adj;Danish;Danois;Dänisch;;Danish;;;;;;;;x
e_dutch;Dutch Empire;Empire Hollandois;Niederländisches Reich;;Dutch Empire;;;;;;;;x
e_dutch_adj;Dutch;Hollandois;Niederländisch;;Dutch;;;;;;;;x
e_egypt;Egyptian Empire;Empire Egyptien;Ägyptisches Reich;;Egyptian Empire;;;;;;;;x
e_egypt_adj;Egyptian;Egyptien;Ägyptisch;;Egyptian;;;;;;;;x
e_egypt_old;Kemet;Kemet;Kemet;;Kemet;;;;;;;;x
e_egypt_old_adj;Kemetic;Kemetic;Kemetisch;;Kemetic;;;;;;;;x
e_emilian;Emilian Empire;Empire Emilien;Emilianisches Reich;;Imperio Emiliano;;;;;;;;x
e_emilian_adj;Emilian;Emilien;Emilianisches Reich;;Emiliano;;;;;;;;x
e_england;English Empire;Anglais Empire;Englisches Reich;;Imperio Inglés;;;;;;;;x
e_england_adj;English;Anglais;Englisch;;Inglés;;;;;;;;x
e_finland;Finnish Empire;Empire Finlandois;Finnisches Reich;;Finnish Empire;;;;;;;;x
e_finland_adj;Finnish;Finlandois;Finnisch;;Finnish;;;;;;;;x
e_frisian;Frisian Empire;Empire Frisonnes;Friesisches Reich;Imperio Frisio;;;;;;;;x
e_frisian_adj;Frisian;Frisonne;Friesisch;;Frisón;;;;;;;;x
e_gaul;Gallic Empire;Empire Gaulois;Gallisches Reich;;Imperio Galo;;;;;;;;x
e_gaul_adj;Gallic;Gaulois;Gallisch;;Galo;;;;;;;;x
e_georgia;Georgian Empire;Empire Géorgien;Georgisches Reich;;Georgian Empire;;;;;;;;x
e_georgia_adj;Georgian;Géorgien;Georgisch;;Georgian;;;;;;;;x
e_ghana;Ghanaian Empire;Empire Ghanéen;Ghanaisches Reich;;Ghanaian Empire;;;;;;;;x
e_ghana_adj;Ghanaian;Ghanéen;Ghanaisch;;Ghanan;;;;;;;;x
e_gothia;Gothic Empire;;Gotisches Reich;;;;;;;;;;x
e_gothia_adj;Gothic;;Gotisches;;;;;;;;;;x
e_great_britain;Great Britain;;Großbritannien;;;;;;;;;;x
e_great_britain_adj;British;;Britisch;;;;;;;;;;x
e_hungary;Hungarian Empire;Empire Hongrois;Ungarisches Reich;;Hungarian Empire;;;;;;;;x
e_hungary_adj;Hungarian;Hongrois;Ungarisch;;Hungarian;;;;;;;;x
e_iceland;Icelandic Empire;Empire Islandois;Isländisches Reich;;Icelandic Empire;;;;;;;;x
e_iceland_adj;Icelandic;Islandois;Isländisch;;Icelandic;;;;;;;;x
e_ireland;Irish Empire;Empire Irlandois;Irisches Reich;;Irish Empire;;;;;;;;x
e_ireland_adj;Irish;Irlandois;Irisch;;Irish;;;;;;;;x
e_jewish;Jewish Empire;Empire Juif;Jüdisches Reich;;Jewish Empire;;;;;;;;x
e_jewish_adj;Jewish;Juif;Jüdisches;;Jewish;;;;;;;;x
e_jolof;Jolof Empire;Empire Djolof;Jolof Reich;;Jolof Empire;;;;;;;;x
e_jolof_adj;Jolof;Djolof;Jolof;;Jolof;;;;;;;;x
e_karling;Carolingian Empire;Empire Carolingien;Karolingisches Reich;;Imperio Carolingio;;;;;;;;x
e_karling_adj;Carolingian;Carolingien;Karolingisches Reich;;Carolingia;;;;;;;;x
e_khazaria;Khazar Empire;Empire Khazare;Chasarisches Reich;;Khazar Empire;;;;;;;;x
e_khazaria_adj;Khazar;Khazare;Chasaren;;Khazar;;;;;;;;x
e_kurdish;Kurdish Empire;Empire Kurde;Kurdisches Reich;;Kurdish Empire;;;;;;;;x
e_kurdish_adj;Kurdish;Kurde;Kurdisch;;Kurdish;;;;;;;;x
e_ligurian;Ligurian Empire;Empire Ligurien;Ligurisches Reich;;Imperio Liguria;;;;;;;;x
e_ligurian_adj;Ligurian;Ligurien;Ligurisches Reich;;Liguria;;;;;;;;x
e_lithuania;Lithuanian Empire;Empire Lituanien;Litauisches Reich;;Lithuanian Empire;;;;;;;;x
e_lithuania_adj;Lithuanian;Lituanien;Litauisch;;Lithuanian;;;;;;;;x
e_lombard;Lombard Empire;Empire Lombard;Lombardisches Reich;;Imperio Lombard;;;;;;;;x
e_lombard_adj;Lombard;Lombard;Lombardisch;;Lombard;;;;;;;;x
e_neapolitan;Neapolitan Empire;Empire Napolitain;Neapolitanisches Reich;;Imperio Napolitano;;;;;;;;x
e_neapolitan_adj;Neapolitan;Napolitain;Neapolitanisches;;Napolitano;;;;;;;;x
e_norman;Norman Empire;Empire Normand;Normannisches Reich;;Norman Empire;;;;;;;;x
e_norman_adj;Norman;Normand;Normannisch;;Norman;;;;;;;;x
e_norse;Norse Empire;Empire Norse;Nordisches Reich;;Norse Empire;;;;;;;;x
e_norse_adj;Norse;Norse;Nordisch;;Norse;;;;;;;;x
e_north_sea;North Sea Empire;Mer du Nord;Nordsee-Reich;;Imperio del Mar del Norte;;;;;;;;x
e_north_sea_adj;North Sea;Mer du Nord;Nordsee;;Mar del Norte;;;;;;;;x
e_norway;Norwegian Empire;Empire Norvégien;Norwegisches Reich;;Norwegian Empire;;;;;;;;x
e_norway_adj;Norwegian;Norvégien;Norwegisch;;Norwegian;;;;;;;;x
e_nubia;Nubian Empire;Empire Nubien;Nubisches Reich;;Nubian Empire;;;;;;;;x
e_nubia_adj;Nubian;Nubien;Nubisches Reich;;Nubian;;;;;;;;x
e_occitan;Occitan Empire;Empire Occitan;Okzitanisches Reich;;Occitan Empire;;;;;;;;x
e_occitan_adj;Occitan;Occitan;Okzitanisch;;Occitan;;;;;;;;x
e_ottoman;Turkish Empire;Empire Turkish;Türkisches Reich;;Imperio turco;;;;;;;;x
e_ottoman_adj;Turkish;Turkish;Türkisch;;Turco;;;;;;;;x
e_pecheneg;Pecheneg Khaganate;Khaganat Pecheneg;Peschenegisches Khaganat;;Pecheneg Khaganate;;;;;;;;x
e_pecheneg_adj;Pecheneg;Pechenegue;Petscheneg;;Pecheneg;;;;;;;;x
e_placeholder; ; ; ; ;;;;;;;;;x
e_placeholder_adj; ; ; ; ;;;;;;;;;x
e_poland;Polish Empire;Empire Polonais;Polnisches Reich;;Polish Empire;;;;;;;;x
e_poland_adj;Polish;Polonais;Polen;;Polish;;;;;;;;x
e_prussia;Prussian Empire;Empire Prusse;Preußisches Reich;;Imperio Prusiano;;;;;;;;x
e_prussia_adj;Prussian;Prussien;Preußisch;;Prusiana;;;;;;;;x
e_romania;Romanian Empire;Empire Roumain;Römisches Reich;;Romanian Empire;;;;;;;;x
e_romania_adj;Romanian;Roumain;Rumänisch;;Romanian;;;;;;;;x
e_sardinian;Sardinian Empire;Empire Sarde;Sardinisches Reich;;Imperio Sarda;;;;;;;;x
e_sardinian_adj;Sardinian;Sarde;Sardinien;;Sarda;;;;;;;;x
e_scotland;Scottish Empire;Empire Ecossois;Schottisches Reich;;Scottish Empire;;;;;;;;x
e_scotland_adj;Scottish;Ecossois;Schottisches;;Scottish;;;;;;;;x
e_serbia;Serbian Empire;Empire Serbe;Serbisches Reich;;Serbian Empire;;;;;;;;x
e_serbia_adj;Serbian;Serbe;Serbisch;;Serbian;;;;;;;;x
e_sicily;Sicilian Empire;Empire Sicilien;Sizilianisches Reich;;Sicilian Empire;;;;;;;;x
e_sicily_adj;Sicilian;Sicilien;Sizilien;;Sicilian;;;;;;;;x
e_songhai;Songhai;Songhai;Songhai;;Songhai;;;;;;;;x
e_songhai_adj;Songhai;Songhai;Songhai;;Songhai;;;;;;;;x
e_steppe_wolfe;Great Bulgaria;Grande Bulgarie;Großbulgarien;;Gran Bulgaria;;;;;;;;x
e_steppe_wolfe_adj;Great Bulgarian;Grande Bulgarien;Großbulgarisch;;Great Bulgarian;;;;;;;;x
e_sweden;Swedish Empire;Empire Suédois;Schwedisches Reich;;Swedish Empire;;;;;;;;x
e_sweden_adj;Swedish;Suédois;Schwedisch;;Swedish;;;;;;;;x
e_syria;Levant;Levant;Levante;;Levant;;;;;;;;x
e_syria_adj;Levantian;Levantin;Levantiner;;Levantian;;;;;;;;x
e_tuscan;Tuscan Empire;Empire Toscan;Toskanisches Reich;;Imperio Toscano;;;;;;;;x
e_tuscan_adj;Tuscan;Toscan;Toskanisches Reich;;Toscano;;;;;;;;x
e_umbrian;Umbrian Empire;Empire Ombrie;Umbrisches Reich;;Imperio Umbría;;;;;;;;x
e_umbrian_adj;Umbrian;Ombrie;Umbrisches Reich;;Umbría;;;;;;;;x
e_veneto;Venetian Empire;Empire Vénitien;Venezianisches Reich;;Imperio Veneciano;;;;;;;;x
e_veneto_adj;Venetian;Vénitien;Venezianisch;;Veneciano;;;;;;;;x
e_wales;Welsh Empire;Empire Gallois;Walisisches Reich;;Welsh Empire;;;;;;;;x
e_wales_adj;Welsh;Gallois;Walisisch;;Welsh;;;;;;;;x
e_wend;Wendish Empire;Empire Wende;Wendisches Reich;;Wendish Empire;;;;;;;;x
e_wend_adj;Wendish;Wende;Wendisch;;Wend;;;;;;;;x
e_yugoslavia;Yugoslavia;Yougoslavie;Jugoslawien;;Yugoslavia;;;;;;;;x
e_yugoslavia_adj;Yugoslavian;Yougoslave;Jugoslawien;;Yugoslavo;;;;;;;;x
k_albania;Albania;Albanie;Albanien;;Albania;;;;;;;;x
k_albania_adj;Albanian;Albanais;Albanisch;;Albanés;;;;;;;;x
k_algarve;Algarve;Algarve;Algarve;;Algarve;;;;;;;;x
k_algarve_adj;Algarvian;Algarvien;Algarve;;Algarveña;;;;;;;;x
k_ancona;Ancona;Ancône;Ancona;;Ancona;;;;;;;;x
k_ancona_adj;Anconitan;Ancônitain;Anconitan;;Anconitano;;;;;;;;x
k_anglia;East Anglia;Est-Anglie;Ostanglien;;Anglia Oriental;;;;;;;;x
k_anglia_adj;Anglian;Anglien;Anglien;;Anglia;;;;;;;;x
k_arch_austria;Austria;Autriche;Österreich;;Austria;;;;;;;;x
k_arch_austria_adj;Austrian;Autrichien;Österreich;;Austriaco;;;;;;;;x
k_assyria;Assyria;Assyria;Assyrien;;Assyrian;;;;;;;;x
k_assyria_adj;Assyrian;Assyrian;Assyrisch;;Assyrian;;;;;;;;x
k_badawi;Badawi Arabia;Arabie Badawite;Badawi Arabien;;Arabia Badawia;;;;;;;;x
k_badawi_adj;Badawi;Badawien;Badawi;;Badawia;;;;;;;;x
k_bahrain;Bahrain;Bahraïn;Bahrain;;Bahrain;;;;;;;;x
k_bahrain_adj;Bahrainian;Bahraïnien;Bahrainisch;;Bahiraní;;;;;;;;x
k_belgium;Belgium;Belgique;Belgien;;Bélgica;;;;;;;;x
k_belgium_adj;Belgian;Belge;Belgien;;Belga;;;;;;;;x
k_bhutan;Bhutan;Bhoutan;Bhutan;;Bhutan;;;;;;;;x
k_bhutan_adj;Bhutan;Bhoutan;Bhutan;;Bhutan;;;;;;;;x
k_brandenburg;Brandenburg;Brandebourg;Brandenburg;;Brandeburgo;;;;;;;;x
k_brandenburg_adj;Brandenburger;Brandebourgeois;Brandenburger;;Brandenburger;;;;;;;;x
k_carpathia;Carpathia;Carpates;Karpaten;;Carpathia;;;;;;;;x
k_carpathia_adj;Carpathian;Carpatien;Karpaten;;Carpathian;;;;;;;;x
k_cornwall;Cornwall;Cornouailles;Cornwall;;Cornualles;;;;;;;;x
k_cornwall_adj;Cornish;Cornouaillois;Kornisch;;Cornuallesa;;;;;;;;x
k_corsica;Corsica;Corse;Korsika;;Córcega;;;;;;;;x
k_corsica_adj;Corsican;Corse;Korsisch;;Corso;;;;;;;;x
k_dalmatia;Dalmatia;Dalmatie;Dalmatien;;Dalmacia;;;;;;;;x
k_dalmatia_adj;Dalmatian;Dalmatien;Dalmatien;;Dálmata;;;;;;;;x
k_dublin;Dublin;Dublin;Dublin;;Dublin;;;;;;;;x
k_dublin_adj;Dubliner;Dublinois;Dubliner;;Dublinés;;;;;;;;x
k_edessa;Edessa;Édesse;Edessa;;Edesa;;;;;;;;x
k_edessa_adj;Edessan;Édessois;Edessan;;Edesana;;;;;;;;x
k_englandnorwegian;England;Angleterre;England;;Inglaterra;;;;;;;;x
k_englandnorwegian_adj;English;Anglais;Englisch;;Inglés;;;;;;;;x
k_essex;Essex;Essex;Essex;;Essex;;;;;;;;x
k_essex_adj;Essexian;Essexois;Essexisch;;Essexianés;;;;;;;;x
k_franconia;Franconia;Franconie;Franken;;Franconia;;;;;;;;x
k_franconia_adj;Franconian;Franconien;Fränkisch;;Franconia;;;;;;;;x
k_franks;the Franks;les Francs;die Franken;;los Francos;;;;;;;;x
k_franks_adj;Frankish;Franque;Fränkisch;;Franco;;;;;;;;x
k_gascony;Gascony;Gascogne;Gascogne;;Gascuña;;;;;;;;x
k_gascony_adj;Gascon;Gasconne;Gascogne;;Gascona;;;;;;;;x
k_gondar;Semien;Semien;Semien;;Semien;;;;;;;;x
k_gondar_adj;Semienian;Semien;Semien;;Semienian;;;;;;;;x
k_gotland;Gotland;Gotland;Gotland;;Gotland;;;;;;;;x
k_gotland_adj;Gotlander;Gotlandois;Gotlander;;Gotlandesa;;;;;;;;x
k_grand_bavaria;Bavaria;Bavière;Bayern;;Bavaria;;;;;;;;x
k_grand_bavaria_adj;Bavarian;Bavarois;Bayerisch;;Bávaro;;;;;;;;x
k_grand_franconia;Franconia;Franconie;Franken;;Franconia;;;;;;;;x
k_grand_franconia_adj;Franconian;Franconien;Fränkischer;;Franconia;;;;;;;;x
k_grand_luxembourg;Luxembourg;Luxembourg;Luxemburgisch;;Luxemburgo;;;;;;;;x
k_grand_luxembourg_adj;Luxembourgian;Luxembourgeois;Luxemburgisch;;Luxemburguesa;;;;;;;;x
k_grand_tuscany;Tuscany;Toscane;Toskana;;Toscana;;;;;;;;x
k_grand_tuscany_adj;Tuscan;Toscan;Toskana;;Toscana;;;;;;;;x
k_grand_milan;Milan;Milan;Mailand;;Milán;;;;;;;;x
k_grand_milan_adj;Milanese;Milanais;Mailänder;;Milanesa;;;;;;;;x
k_grand_naples;Naples;Naples;Neapel;;Napoli;;;;;;;;x
k_grand_naples_adj;Neapolitan;Napolitain;Neapolitanisch;;Napolitano;;;;;;;;x
k_grand_sicily;Sicily;Sicile;Sizilien;;Sicilia;;;;;;;;x
k_grand_sicily_adj;Sicilian;Sicilien;Sizilien;;Sicilian;;;;;;;;x
k_grand_saxony;Saxony;Saxe;Sachsen;;Sajonia;;;;;;;;;x
k_grand_saxony_adj;Saxon;saxonne;Sächsisch;;Sajona;;;;;;;;;x
k_grand_swabia;Swabia;Souabe;Schwaben;;Suabia;;;;;;;;;x
k_grand_swabia_adj;Swabian;souabe;Schwäbisch;;suabo;;;;;;;;;x
k_illyria;Illyria;Illyrie;Illyrien;;Illyria;;;;;;;;x
k_illyria_adj;Illyrian;Illyrien;Illyrien;;Ilirio;;;;;;;;x
k_jordan;Jordan;Jordanie;Jordanien;;Jordania;;;;;;;;x
k_jordan_adj;Jordanian;Jordanien;Jordanisch;;Jordania;;;;;;;;x
k_jorvik;York;York;York;;York;;;;;;;;x
k_jorvik_adj;Yorkist;Yorkois;Yorker;;Yorquina;;;;;;;;x
k_kent;Kent;Kent;Kent;;Carterbury;;;;;;;;x
k_kent_adj;Kentish;Kentish;Kentisch;;Kenthishano;;;;;;;;x
k_krete;Crete;;Kreta;;Crete;;;;;;;;x
k_krete_adj;Candian;;Kandisch;;Candiense;;;;;;;;x
k_kurdistan;Kurdistan;;Kurdistan;;Kurdistan;;;;;;;;x
k_kurdistan_adj;Kurdish;;Kurdisch;;Kurdish;;;;;;;;x
k_lahej;Lahej;;Lahej;;Lahej;;;;;;;;x
k_lahej_adj;Laheji;;Laheji;;Lahejia;;;;;;;;x
k_lucca;Lucca;;Lucca;;Lucca;;;;;;;;x
k_lucca_adj;Lucchese;;Lucchese;;Luchesi;;;;;;;;x
k_luxembourg;Luxembourg;;Luxemburg;;Luxemburgo;;;;;;;;x
k_luxembourg_adj;Luxembourgian;;Luxemburgisch;;Luxemburguesa;;;;;;;;x
k_macedon;Macedon;;Mazedonisch;;;;;;;;;;x
k_macedon_adj;Macedonian;;Mazedonisch;;;;;;;;;;x
k_magna_graecia;Magna Graecia;;Magna Graecia;;Magna Graecia;;;;;;;;x
k_magna_graecia_adj;Magna Graecian;;Magna Graecia;;Magna Graecian;;;;;;;;x
k_mallorca;Mallorca;;Mallorca;;Mallorca;;;;;;;;x
k_mallorca_adj;Mallorcan;;Mallorquinisch;;Mallorquina;;;;;;;;x
k_marino;San Marino;;San Marino;;San Marino;;;;;;;;x
k_marino_adj;Sammarani;;Sammarani;;Sammarania;;;;;;;;x
k_mercia;Mercia;;Mercia;;Mercia;;;;;;;;x
k_mercia_adj;Mercian;;Mercia;;Merciana;;;;;;;;x
k_morea;the Morea;;die Morea;;los Morea;;;;;;;;x
k_morea_adj;Morean;;Morea;;Morean;;;;;;;;x
k_nikaea;Nicaea;;Nicaea;;Nicaea;;;;;;;;x
k_nikaea_adj;Nicaean;;Nicaea;;Niceno;;;;;;;;x
k_normandy;Normandy;;Normandie;;Normandía;;;;;;;;x
k_normandy_adj;Norman;;Normannisch;;Normanda;;;;;;;;x
k_northumbria;Northumbria;;Nordumbrien;;Northumbria;;;;;;;;x
k_northumbria_adj;Northumbrian;;Nordumbrien;;Northumbriana;;;;;;;;x
k_provence;Provence;;Provence;;Provenza;;;;;;;;x
k_provence_adj;Provencal;;Provenzalisch;;Provenzal;;;;;;;;x
k_prussia;Prussia;;Preußen;;Prusia;;;;;;;;x
k_prussia_adj;Prussian;;Preußisch;;Prusiana;;;;;;;;x
k_qarakhnid;Khiva;;Chiwa;;Khiva;;;;;;;;x
k_qarakhnid_adj;Khivan;;Chiwan;;Khivan;;;;;;;;x
k_provincia_aegyptus;Aegyptus;Aegyptus;Aegyptus;;Aegyptus;;;;;;;;x
k_provincia_aegyptus_adj;Egyptian;Egyptian;Ägyptisch;;Egyptian;;;;;;;;x
k_provincia_africa;Africa;;Afrika;;Africa;;;;;;;;x
k_provincia_africa_adj;African;;Afrika;;African;;;;;;;;x
k_provincia_armenia;Armenia;;Armenien;;;;;;;;;;x
k_provincia_armenia_adj;Armenian;;Armenisch;;;;;;;;;;x
k_provincia_britannia;Britannia;Britannia;Britannien;;Britannia;;;;;;;;x
k_provincia_britannia_adj;British;Britannique;Britannien;;British;;;;;;;;x
k_provincia_caledonia;Caledonia;Caledonia;Kaledonien;;Caledonia;;;;;;;;x
k_provincia_caledonia_adj;Caledonian;Caledonian;Kaledonisch;;Caledonian;;;;;;;;x
k_provincia_gallia;Gallia;Gallia;Gallien;;Gallia;;;;;;;;x
k_provincia_gallia_adj;Gaulish;Gaulish;Gallien;;Gaulish;;;;;;;;x
k_provincia_germania;Germania;Germania;Germanien;;Germania;;;;;;;;x
k_provincia_germania_adj;German;Allemand;Deutsch;;Alemán;;;;;;;;x
k_provincia_hibernia;Hibernia;Hibernia;Hibernien;;Hibernia;;;;;;;;x
k_provincia_hibernia_adj;Hibernian;Hibernian;Hibernien;;Hibernian;;;;;;;;x
k_provincia_hispania;Hispania;Hispania;Hispanien;;Hispania;;;;;;;;x
k_provincia_hispania_adj;Hispanic;Hispanic;Hispanisch;;Hispanic;;;;;;;;x
k_provincia_illyricum;Illyricum;Illyricum;Illyricum;;Illyricum;;;;;;;;x
k_provincia_illyricum_adj;Illyrian;Illyrien;Illyrisch;;Ilirio;;;;;;;;x
k_provincia_italia;Italia;;Italien;;Italia;;;;;;;;x
k_provincia_italia_adj;Italian;;Italianisch;;Italiano;;;;;;;;x
k_provincia_macedonia;Macedonia;;Mazedonien;;Macedónico;;;;;;;;x
k_provincia_macedonia_adj;Macedonian;;Mazedonisch;;Macedónio;;;;;;;;x
k_provincia_mauretania;Mauretania;;Mauretanien;;Mauretania;;;;;;;;x
k_provincia_mauretania_adj;Mauretanian;;Mauretanisch;;Mauretania;;;;;;;;x
k_provincia_mesopotamia;Mesopotamia;;Mesopotamien;;Mesopotamia;;;;;;;;x
k_provincia_mesopotamia_adj;Mesopotamian;;Mesopotamien;;Mesopotamian;;;;;;;;x
k_provincia_pannonia_dacia;Pannonia-Dacia;;Pannonien-Dakien;;;;;;;;;;x
k_provincia_pannonia_dacia_adj;Pannonian;;Pannonisch;;;;;;;;;;x
k_provincia_phrygia;Phrygia;;Phrygien;;Phrygia;;;;;;;;x
k_provincia_phrygia_adj;Phrygian;;Phrygisch;;Phrygian;;;;;;;;x
k_provincia_pontus;Pontus;;Pontus;;Pontus;;;;;;;;x
k_provincia_pontus_adj;Pontic;;Pontisch;;Pontic;;;;;;;;x
k_provincia_sardinia_corsica;Sardinia-Corsica;;Sardinien-Korsika;;;;;;;;;;x
k_provincia_sardinia_corsica_adj;Sardinia-Corsica;;Sardinien-Korsika;;;;;;;;;;x
k_provincia_syria_palaestina;Syria Palæstina;;Syrien Palæstina;;Syria Palæstina;;;;;;;;x
k_provincia_syria_palaestina_adj;Syrian;;Syrien;;Syrian;;;;;;;;x
k_provincia_thracia;Thracia;;Thrakien;;Thracia;;;;;;;;x
k_provincia_thracia_adj;Thracian;;Thrakisch;;Thracian;;;;;;;;x
k_provincia_viennensis;Viennensis;;Viennensis;;Viennensis;;;;;;;;x
k_provincia_viennensis_adj;Viennese;;Wien;;Viennese;;;;;;;;x
k_romania;Romania;;Rumänien;;Rumania;;;;;;;;x
k_romania_adj;Romanian;;Rumänisch;;Rumano;;;;;;;;x

k_scania;Scania;;Schonen;;Escania;;;;;;;;x
k_scania_adj;Scanian;;Schonen;;Escanio;;;;;;;;x
k_slavonia;Slavonia;;Slawonien;;Eslavonia;;;;;;;;x
k_slavonia_adj;Slavonian;;Slawonien;;Eslavonia;;;;;;;;x
k_sparta;Sparta;;Sparta;;Esparta;;;;;;;;x
k_sparta_adj;Spartan;;Spartanisch;;Espartano;;;;;;;;x
k_strath;Strathclyde;;Strathclyde;;Strathclyde;;;;;;;;x
k_strath_adj;Strathclydian;;Strathclydisch;;Strathclydiana;;;;;;;;x
k_sussex;Sussex;Sussex;Sussex;;Sussex;;;;;;;;x
k_sussex_adj;Sussexian;;Sussexisch;;Suxxexianés;;;;;;;;x
k_swabia;Swabia;;Schwaben;;Suabia;;;;;;;;x
k_swabia_adj;Swabian;;Schwaben;;Suabo;;;;;;;;x
k_swiss;Switzerland;;Schweiz;;Suiza;;;;;;;;x
k_swiss_adj;Swiss;;Schweizer;;Suizo;;;;;;;;x
k_thessalonika;Thessalonica;;Thessaloniki;;Thessalonica;;;;;;;;x
k_thessalonika_adj;Thessalonican;;Thessaloniki;;Thessalonican;;;;;;;;x
k_tnetherlands;Netherlands;;Niederlande;;Países Bajos;;;;;;;;x
k_tnetherlands_adj;Dutch;;Niederländisch;;Neerlandés;;;;;;;;x
k_tuscany;Tuscany;;Toskana;;Toscana;;;;;;;;x
k_tuscany_adj;Tuscan;;Toskana;;Toscana;;;;;;;;x
k_upper_burgundy;Upper Burgundy;;Oberburgund;;Alta Borgoña;;;;;;;;x
k_upper_burgundy_adj;Upper Burgundian;;Oberburgundisch;;Alta Borgoñesa;;;;;;;;x
k_visigoth;the Visigoths;;die Westgoten;;los Wisigodos;;;;;;;;x
k_visigoth_adj;Visigothic;;Westgotisch;;Visigoda;;;;;;;;x
k_wend;Wends;;Wendet;;Wends;;;;;;;;x
k_wend_adj;Wendish;;Wendisch;;Wend;;;;;;;;x
k_wessex;Wessex;Wessex;Wessex;;Wessex;;;;;;;;x
k_wessex_adj;Wessexian;;Wessexian;;Wexxexianés;;;;;;;;x
k_wurttemberg;Wurttemberg;;Württemberg;;Wurttemberg;;;;;;;;x
k_wurttemberg_adj;Wurttembergian;;Württembergisch;;Württembergués;;;;;;;;x

# Plus patrician families

# Venice
b_michele;Michele;Michele;Michele;;Michele;;;;;;;;x;;
b_zen;Zeno;Zeno;Zeno;;Zeno;;;;;;;;x
b_gradenigo;Gradenigo;Gradenigo;Gradenigo;;Gradenigo;;;;;;;;x;;
b_zorzi;Zorzi;Zorzi;Zorzi;;Zorzi;;;;;;;;x;;
b_soranzo;Soranzo;Soranzo;Soranzo;;Soranzo;;;;;;;;x;;
b_polani;Polani;Polani;Polani;;Polani;;;;;;;;x;;

# Unknown
b_rassid;Rassid;Rassid;Rassid;;Rassid;;;;;;;;x;;
b_rassid_adj;Rassid;Rassid;Rassid;;Rassid;;;;;;;;x;;
b_sulaihid;Sulaihid;Sulaihid;Sulaihid;;Sulaihid;;;;;;;;x;;
b_hatimid;Hatimid;Hatimid;Hatimid;;Hatimid;;;;;;;;x;;
b_hatimid_adj;Hatimid;Hatimid;Hatimid;;Hatimid;;;;;;;;x;;
b_qubaybid;Qubaybid;Qubaybid;Qubaybid;;Qubaybid;;;;;;;;x;;
b_qubaybid_adj;Qubaybid;Qubaybid;Qubaybid;;Qubaybid;;;;;;;;x;;
b_rasulid;Rasulid;Rasulid;Rasulid;;Rasulid;;;;;;;;x;;
b_rasulid_adj;Rasulid;Rasulid;Rasulid;;Rasulid;;;;;;;;x;;

# Gaete
b_coniulo;Coniulo;Coniulo;Coniulo;;Coniulo;;;;;;;;x;;
b_digaeta;di Gaeta;di Gaeta;Gaeta;;di Gaeta;;;;;;;;x;;
b_devio;de Vio;de Vio;de Vio;;de Vio;;;;;;;;x;;
b_detonti;de Tonti;de Tonti;de Tonti;;de Tonti;;;;;;;;x;;
b_conca;Conca;Conca;Conca;;Conca;;;;;;;;x;;

# Noli
b_dinoli;di Noli;di Noli;Noli;;di Noli;;;;;;;;x;;
b_colombo;Colombo;Colombo;Colombo;;Colombo;;;;;;;;x;;
b_giraldi;Giraldi;Giraldi;Giraldi;;Giraldi;;;;;;;;x;;
b_brignole;Brignole;Brignole;Brignole;;Brignole;;;;;;;;x;;
b_alighieri;Alighieri;Alighieri;Alighieri;;Alighieri;;;;;;;;x;;

# Ancone
b_sebenico;Sebenico;Sebenico;Sebenico;;Sebenico;;;;;;;;x;;
b_litto;Litto;Litto;Litto;;Litto;;;;;;;;x;;
b_pizzicolli;Pizzicolli;Pizzicolli;Pizzicolli;;Pizzicolli;;;;;;;;x;;
b_foschi;Foschi;Foschi;Foschi;;Foschi;;;;;;;;x;;
b_segatori;Segatori;Segatori;Segatori;;Segatori;;;;;;;;x;;

# Raguse
b_drzic;Drzic;Drzic;Drzic;;Drzic;;;;;;;;x;;
b_gucetic;Gucetic;Gucetic;Gucetic;;Gucetic;;;;;;;;x;;
b_dobricevic;Dobricevic;Dobricevic;Dobricevic;;Dobricevic;;;;;;;;x;;
b_mencetic;Mencetic;Mencetic;Mencetic;;Mencetic;;;;;;;;x;;
b_vetranovic;Vetranovic;Vetranovic;Vetranovic;;Vetranovic;;;;;;;;x;;

# 2.8 Plus titles

k_adal;Ifat;Ifat;Ifat;;Ifat;;;;;;;;x
k_adal_adj;Ifati;Ifati;Ifati;;Ifati;;;;;;;;x
k_algiers;Algiers;Alger;Algier;;Argel;;;;;;;;x
k_algiers_adj;Algerian;Algérien;Algerisch;;Argelino;;;;;;;;x
k_azerbaijan;Azerbaijan;Azerbaïjan;Aserbaidschan;;Azerbaiyán;;;;;;;;x
k_azerbaijan_adj;Azerbaijani;Azerbaïjani;Aserbaidschan;;Azerbaiyano;;;;;;;;x
k_baluchistan;Baluchistan;Balouchistan;Belutschistan;;Baluchistan;;;;;;;;x
k_baluchistan_adj;Baluchistanian;Balouchistanien;Belutschistanisch;;Baluchistanian;;;;;;;;x
k_takrur;Takrur;Takrur;Takrur;;Takrur;;;;;;;;x
k_takrur_adj;Takrur;Takrur;Takrur;;Takrur;;;;;;;;x
k_iceland;Iceland;Islande;Island;;Islandia;;;;;;;;x
k_iceland_adj;Icelandic;Islandois;Isländisch;;Islandés;;;;;;;;x
k_morocco;Morocco;;Marokko;;Morocco;;;;;;;;x
k_morocco_adj;Moroccan;;Marokkanisch;;Moroccan;;;;;;;;x
k_oman;Oman;;Oman;;Omán;;;;;;;;x
k_oman_adj;Omani;;Omanisch;;Omaní;;;;;;;;x
k_rus;Kiev;;Kiew;;Kiev;;;;;;;;x
k_rus_adj;Kievan;;Kiewer;;Kievita;;;;;;;;x
k_yemen;Yemen;;Jemen;;Yemen;;;;;;;;x
k_yemen_adj;Yemeni;;Jemen;;Yemeni;;;;;;;;x
k_canarias;Canarias;;Kanarische Inseln;;Canarias;;;;;;;;x
k_canarias_adj;Canarian;;Kanarische Inseln;;;;;;;;;;x
k_tassili;Tassili;;Tassili;;;;;;;;;;x
k_tassili_adj;Tassilian;;Tassilian;;;;;;;;;;x
k_sahara;Sahara;;Sahara;;;;;;;;;;x
k_sahara_adj;Saharan;;Sahara;;;;;;;;;;x
k_bjarmia;Bjarmia;;Bjarmia;;;;;;;;;;x
k_siberia;Siberia;;Sibirien;;;;;;;;;;x
k_siberia_adj;Siberian;;Sibirisch;;;;;;;;;;x
k_turan;Turan;;Turan;;;;;;;;;;x
k_kanem;Kanem;;Kanem;;;;;;;;;;x
k_kanem_adj;Kanem;;Kanem;;;;;;;;;;x
k_hausa;Hausa;;Hausa;;;;;;;;;;;x
k_hausa_adj;Hausan;;Hausan;;;;;;;;;;;x
k_dardaju;Dardaju;;Dardaju;;;;;;;;;;;x
k_dardaju_adj;Dardaju;;Dardaju;;;;;;;;;;;x

# Old Plus titular titles?

k_dal;Dalsland;Dalsland;Dalsland;;Dalsland;;;;;;;;x
k_dal_adj;Dalslandic;Dalsandique;Dalslandisch;;Dalslandic;;;;;;;;x
k_holland;Holland;Hollande;Holland;;Holanda;;;;;;;;x
k_holland_adj;Hollander;Hollandois;Holländer;;Holandesa;;;;;;;;x
k_livonia;Livonia;;Livland;;Livland;;;;;;;;x
k_livonia_adj;Livonian;;Livländisch;;Livona;;;;;;;;x
k_moskva;Moskva;;Moskwa;;Moscú;;;;;;;;x
k_moskva_adj;Muscovite;;Moskauer;;Moscovita;;;;;;;;x
k_muscovy;Muscovy;;Moskwa;;Moscovia;;;;;;;;x
k_muscovy_adj;Muscovite;;Moskauer;;de Moscovia;;;;;;;;x
k_north_sea;North Sea;;Nordsee;;Mar del Norte;;;;;;;;x
k_north_sea_adj;North Sea;;Nordsee;;Mar del Norte;;;;;;;;x
k_of_mann_and_the_isles;Mann and the Isles;;Mann und die Inseln;;Mann y las Islas;;;;;;;;x
k_of_mann_and_the_isles_adj;ManxManxdel reino de Mann;;;;;;;;x
k_sames;Samoyeds;;Samojeden;;Los Samoyedos;;;;;;;;x
k_sames_adj;Samoyed;;Samojeden;;Samoyeda;;;;;;;;x
k_sami;Sápmi;;Sápmi;;Sápmi;;;;;;;;x
k_sami_adj;Sami;;Samisch;;Sami;;;;;;;;x
k_tekke;Tekke;;Tekke;;Tekke;;;;;;;;x
k_tekke_adj;Tekke;;Tekke;;Tekke;;;;;;;;x
k_thessa;Thessalonika;;Thessaloniki;;Tesalónica;;;;;;;;x
k_thessa_adj;Thessalonican;;Thessaloniki;;Tesalonicense;;;;;;;;x
k_volga;Volga;;Wolga;;Volga;;;;;;;;x
k_volga_adj;Volgan;;Wolga;;Volgan;;;;;;;;x
k_york;York;;York;;York;;;;;;;;x
k_york_adj;Yorkist;;Yorkist;;Yorquina;;;;;;;;x

# Special titles

k_englandnorman;England;Angleterre;England;;Inglaterra;;;;;;;;x
k_englandnorman_adj;English;Anglais;Englisch;;Inglés;;;;;;;;x
d_order_of_santiago;Order of Santiago;Ordre de Santiago;Santiago-Orden;;Order of Santiago;;;;;;;;x
d_order_of_santiago_adj;Santiago;Santiagote;Santiago;;Santiago;;;;;;;;x
d_sacred_fire_guard;Sacred Fire Guardians;Gardiens du Feu Sacré;Heilige Feuerwächter;;Sacred Fire Guardians;;;;;;;;x
d_sacred_fire_guard_adj;Guardians;Gardiens;Wächter;;Guardians;;;;;;;;x
d_zarathushtrotema;Zarathushtrotema;Zarathushtrotema;Zarathustrotema;;Zarathushtrotema;;;;;;;;x
d_zarathushtrotema_adj;Zarathushtroteman;Zarathushtrotemien;Zarathustroteman;;Zarathushtroteman;;;;;;;;x
d_ghanan_raiders;Ghanan Raiders;;Ghanaische Räuber;;;;;;;;;;x
d_ghanan_raiders_adj;Ghanan;;Ghana's;;;;;;;;;;x
k_austrasia;Austrasia;Austrasie;Austrasia;;Austrasia;;;;;;;;;x
k_austrasia_adj;Austrasian;Austrasien;Austrasia;;Austrasiano;;;;;;;;;x
k_neustria;Neustria;Neustrie;Neustrien;;Neustria;;;;;;;;;x
k_neustria_adj;Neustrian;Neustrien;Neustrien;;;;;;;;;;;x
k_papacy_chalcedonian;Fake Papacy;;;;;;;;;;;;;x
k_papacy_chalcedonian_adj;Fake;;;;;;;;;;;;;x

# Outdated ?

k_al_andalus;Al-Andalus;Al-Andalus;Al-Andalus;;Al-Mawsat;;;;;;;;x
k_al_andalus_adj;Andalusian;Andalusien;Andalusien;;Al-Mawsat;;;;;;;;x
k_al_awsat;Al-Awsat;Al-Awsat;Al-Awsat;;Al-Awsat;;;;;;;;x
k_al_awsat_adj;Al-Awsat;Awsati;Al-Awsat;;Al-Awsat;;;;;;;;x
k_al_garb;Al-Garb;Al-Garb;Al-Garb;;Al-Garb;;;;;;;;x
k_al_garb_adj;Al-Garb;Al-Garbois;Al-Garb;;Al-Garb;;;;;;;;x
k_al_tagr;Al-Tagr;Al-Tagr;Al-Tagr;;Al-Tagr;;;;;;;;x
k_al_tagr_adj;Al-Tagr;Al-Tagrois;Al-Tagr;;Al-Tagr;;;;;;;;x
k_al_xarq;Al-Xarq;Al-Xarq;Al-Xarq;;Al-Xarq;;;;;;;;x
k_al_xarq_adj;Al-Xarq;Xarquois;Al-Xarq;;Al-Xarq;;;;;;;;x

k_avalon;Avalon;Avalon;Avalon;;Avalon;;;;;;;;x
k_avalon_adj;Avalonian;Avalonienne;Avalonisch;;Avaloniana;;;;;;;;x
k_basquect;Basque Country;Pays Basque;Baskenland;;Basque Country;;;;;;;;x
k_basquect_adj;Basque;Basque;Baskisch;;Basque;;;;;;;;x
k_catalanct;Catalonia;Catalogne;Katalonien;;Catalonia;;;;;;;;x
k_catalanct_adj;Catalan;Catalan;Katalanisch;;Catalan;;;;;;;;x
k_ghaznavids;Ghaznavids;Ghaznavids;Ghasnawiden;;Ghaznavids;;;;;;;;x
k_ghaznavids_adj;Ghaznavid;Ghaznavid;Ghaznawiden;;Ghaznavid;;;;;;;;x
k_muslim_armenia;Armenia;;Armenien;;Armenia;;;;;;;;x
k_muslim_armenia_adj;Armenian;;Armenisch;;Armenia;;;;;;;;x
k_pergamon;Pergamon;;Pergamon;;Pérgamo;;;;;;;;x
k_pergamon_adj;Pergamonian;;Pergamon;;Pergamonian;;;;;;;;x
k_umayyad;Cordoba;;Cordoba;;Cordoba;;;;;;;;x
k_umayyad_adj;Cordoban;;Cordoba;;Cordoban;;;;;;;;x

e_rome;Roman Empire;Empire Romain;Römisches Reich;;;;;;;;;;x
e_rome_adj;Roman;Romain;Römisch;;;;;;;;;;x

# Vanilla overrides

k_antioch;Antioch;Antioche;Antiochien;;Antioquía;;;;;;;;x
k_antioch_adj;Antiochian;Antiochien;Antiochenisch;;Antioquena;;;;;;;;x
k_aragon;Aragon;Aragon;Aragonien;;Aragón;;;;;;;;x
k_austria;Austria;Autriche;Österreich;;Austria;;;;;;;;x
k_austria_adj;Austrian;Autrichien;Österreich;;Austriaco;;;;;;;;x
k_genoa_adj;Genoese;Génois;Genueser;;Genovesa;;;;;;;;x
k_germany;Germany;Allemagne;Deutschland;;Alemania;;;;;;;;x
k_karaman;Karamanogullari;Karamanogullari;Karamanogullari;;Karamanogullari;;;;;;;;x
k_khazaria;Ciscaucasia;;Kiskaukasien;;;;;;x
# k_lotharingia;Lotharingia;;Lotharingien;;Lothringen;;;;;;;;x
# k_lotharingia_adj;Lotharingian;;Lotharingien;;Lotharingian;;;;;;;;x
# k_moravia;Moravia;;Mähren;;Moravia;;;;;;;;x
# k_moravia_adj;Moravian;;Mährisch;;Moravian;;;;;;;;x
# k_perm;Greater Perm;;Groß-Perm;;Perm Grande;;;;;;;;x
d_bektashi;Al-Ansar;Al-Ansar;Al-Ansar;;Al-Ansar;;;;;;;;x
d_bektashi_adj;Ansar;Ansar;Ansar;;Ansar;;;;;;;;x
d_genoese_navy;Genoese Navy;Marine Génoise;Genueser Marine;;Genoise Navy;;;;;;;;x
d_genoese_navy_adj;Genoese;Génois;Genueser;;Genoese;;;;;;;;x
d_immortals;Zhayedan Immortals;Immortels Zhayedan;Zhayedanische Unsterbliche;;Zhayedan Immortals;;;;;;;;x
d_immortals_adj;Immortal;Immortel;Unsterbliche;;Immortal;;;;;;;;x
d_venetian_navy;Venetian Navy;Marine Vénitienne;Venezianische Marine;;Venetian Navy;;;;;;;;x
d_venetian_navy_adj;Venetian;Vénitienne;Venezianisch;;Venetian;;;;;;;;x
d_west_african_pagan_reformed;Sahelian Priesthood;Prestrise du Sahel;Sahelische Priesterschaft;;;;;;;;;;x
d_west_african_pagan_reformed_adj;Sahelian Priesthood;Prestrise du Sahel;Sahelische Priesterschaft;;;;;;;;;;x
e_seljuk_turks;Great Seljuq Empire;Grand Empire Seldjoukide;Großes Seldschukenreich;;;;;;;;;;x
e_seljuk_turks_adj;Seljuq;Seldjoukide;Seldschukenreich;;;;;;;;;;x
e_timurids;Teymourian;Teymourian;Teymourisch;;Teymourian;;;;;;;;x
e_outremer;Outremer;Empire d'Outre-mer;Outremer;;Outremer;;;;;;;;x
e_outremer_adj;Outremer;Outremarin;Outremer;;Outremer;;;;;;;;x
e_hre;Holy Roman Empire;Saint-Empire Romain;Heiliges Römisches Reich;;Sacro Imperio Romano;;;;;;;;x
e_abyssinia;Abyssinian Empire;Abyssin Empire;Abessinisches Reich;;Imperio de Abisinia;;;;;;;;x
e_abyssinia_adj;Abyssinian;Abyssinien;Abessinisches;;Abisinio;;;;;;;;x
e_britannia;British Empire;Empire Britannique;Britisches Reich;;British Empire;;;;;;;;x
e_britannia_adj;British;Britannique;Britisch;;British;;;;;;;;x
e_bulgaria;Bulgarian Empire;Empire Bulgare;Bulgarisches Reich;;Bulgarian Empire;;;;;;;;x
e_bulgaria_adj;Bulgarian;Bulgare;Bulgarisch;;Bulgarian;;;;;;;;x
e_francia;Frankish Empire;Empire Franc;Fränkisches Reich;;Frankish Empire;;;;;;;;x
e_francia_adj;Frankish;Franc;Fränkisch;;Frankish;;;;;;;;x
e_germania;German Empire;Empire Allemand;Deutsches Reich;;Imperio Alemán;;;;;;;;x
e_germania_adj;German;Allemand;Deutsch;;Alemáno;;;;;;;;x
e_italia;Italian Empire;Empire Italien;Italienisches Reich;;Italian Empire;;;;;;;;x
e_italia_adj;Italian;Italien;Italienisch;;Italian;;;;;;;;x
e_maghreb;Maghreb Empire;Empire Maghrébin;Maghrebinisches Reich;;Maghreb Empire;;;;;;;;x
e_mali;Mali Empire;Empire du Mali;Malisches Reich;;Imperio de Mali;;;;;;;;x
e_russia;Russian Empire;Empire Russe;Russisches Reich;;;;;;;;;;x
e_hispania;Spanish Empire;Empire Espagnol;Spanisches Reich;;Imperio Español;;;;;;;;x
e_hispania_adj;Spanish;Espagnol;Spanisch;;Spanish;;;;;;;;x

# Change to cultural titles?
# b_marienburg;Malborka;;Malborka;;;;;;;;;;;x
# b_braunsberg;Branevo;;Branevo;;;;;;;;;;;x
# b_elbing;Elblonga;;Elblonga;;;;;;;;;;;x
# b_christburg;Dzezgona;;Dzezgona;;;;;;;;;;;x
# b_heilsberg;Lidzbarka;;Lidzbarka;;;;;;;;;;;x
# b_bartenstein;Bartosice;;Bartosice;;;;;;;;;;;x
# b_marienwerder;Kvidzina;;Kvidzina;;;;;;;;;;;x
# b_angerburg;Vengozevo;;Vengozevo;;;;;;;;;;;x
# b_osterode;Ostruda;;Ostruda;;;;;;;;;;;x
# b_gilgenburg;Dabrovna;;Dabrovna;;;;;;;;;;;x
# b_treuburg;Olecko;;Olecko;;;;;;;;;;;x
# b_hohenstein;Olstineka;;Olstineka;;;;;;;;;;;x
# b_neidenburg;Nidzica;;Nidzica;;;;;;;;;;;x
# b_konigsberg;Krolewiec;;Krolewiec;;;;;;;;;;;x
# b_fischhausen;Romowe;;Romowe;;;;;;;;;;;x
# b_briesen;Brizna;;Brizna;;;;;;;;;;;x

# Vanilla additions

k_aydin_adj;Aydine;Aydine;Aydin;;Aydine;;;;;;;;x
k_eretnid_adj;Eretnid;Eretnide;Eretnid;;Eretnid;;;;;;;;x
k_germiyan_adj;Germiyan;Germiyan;Germiyan;;Germiyan;;;;;;;;x
k_hammadid_adj;Hammadid;Hammadid;Hammadidisch;;Hammadid;;;;;;;;x
k_iraq_adj;Iraqi;Irakien;Irakisch;;Irakí;;;;;;;;x
k_israel_adj;Israelite;Israélite;Israelitisch;;Israelí;;;;;;;;x
k_mentese_adj;Mentese;;Mentesisch;;Mentese;;;;;;;;x
k_scotland_adj_gaelic;Alban;;Albanisch;;Alban;;;;;;;;x
d_gwynedd_adj_english;North Welsh;Nord-Gallois;Nordwalisisch;;North Welsh;;;;;;;;x
d_gwynedd_adj_norman;North Welsh;Nord-Gallois;Nordwalisisch;;North Welsh;;;;;;;;x
d_gwynedd_adj_saxon;North Welsh;Nord-Gallois;Nordwalisisch;;North Welsh;;;;;;;;x
d_maghreb_corsairs;Barbary Corsairs;Barbaresques;Barbary Korsaren;;Barbaresques;;;;;;;;x
d_maghreb_corsairs_adj;Barbary;Barbaresque;Barbary;;Barbaresque;;;;;;;;x
d_teviotdale_adj_gaelic;Tìobhiot;Tìobhiot;Tìobhiot;;Tìobhiot;;;;;;;;x
e_chagatai_adj;Chagatayid;Chagatayid;Chagatayiden;;Chagatayid;;;;;;;;x
e_india_adj;Indian;Indien;Indisch;;Índico;;;;;;;;x
e_pirates_adj;Pirate;Pirate;Piraten;;Pirate;;;;;;;;x
e_rajastan_adj;Rajahsthani;Rajahsthani;Rajahsthani;;Rajahsthani;;;;;;;;x
